<!-- Consulta 1 -->

for $resultado in //service/extradata order by $resultado/../../basicData/name
let $pow :=$resultado/categorias/categoria/item[./@name='Categoria']
where $pow='Discoteca'
let $fot:=$resultado/../multimedia/media/url
let $paw:=$resultado/../basicData/web/text()
return
<div class="cuerpo_consulta">
<h3>Nombre: {$resultado/../basicData/title/text()}</h3>
<h3>Dirección: {$resultado/../geoData/address/text()}</h3>
<h3>Página web: <a href="{$paw[1]}">{$resultado/../basicData/web/text()}</a></h3>
<h3>Teléfono: {$resultado/../basicData/phone/text}</h3>
<h3>Código postal: {$resultado/../geoData/zipcode/text()}</h3>
<img src="{$fot[1]}"/>
<hr/>
</div>


<h3><a href="{$paw[1]}">{$resultado/../basicData/web/text()}</a>




<!-- Consulta 2-->

let $registros := (
for $resultado in //service/basicData order by $resultado/../../basicData/name
where $resultado/name[contains(., 'Museo')] or $resultado/name[contains(., 'museo')] or $resultado/body[contains(., 'Museo')]
let $pow:= $resultado/../extradata/categorias/categoria/item[.
/@name='Categoria']
let $paw:=$resultado/web/text()
return
<div class="cuerpo consulta">
<h3>Nombre: {$resultado/name/text()}</h3>
<h3>Dirección: {$resultado/../geoData/address/text()}</h3>
<h3>Tipo: {$pow/text()}</h3>
<h3>Página web: <a href="{$paw[1]}">{$resultado/web/text()}</a></h3>
<h3>Código postal: {$resultado/../geoData/zipcode/text()}</h3>
<br/>
<hr/>
</div>
)
let $suma:=count($registros)
return
let $suma:=count($registros)
return
<div class="resultado">
{$registros}
<h3 class="totales"> Número de resultados obtenidos: {$suma}</h3>
</div>


<!-- Consulta 3-->
 	
for $resultado in //service/basicData order by $resultado/../../basicData/name
where $resultado/body[contains(. ,'Madrid Río')]
let $pow:= $resultado/../extradata/categorias/categoria/item[.
/@name='Categoria']
let $paw:=$resultado/web/text()
return
<div class="cuerpo_consulta">
<h3>Nombre: {$resultado/name/text()}</h3>
<h3>Dirección: {$resultado/../geoData/address/text()}</h3>
<h3>Página web: <a href="{$paw[1]}">{$resultado/web/text()}</a></h3>
<h3>Código postal: {$resultado/../geoData/zipcode/text()}</h3>
<h3>Tipo de establecimiento: {$pow/text()}</h3>
<hr/>
<br/>
</div>


<!-- Consulta 4 -->

let $registros := (
for $resultado in //service/extradata order by $resultado/../basicData/name ascending
let $pow:= $resultado/categorias/categoria/item[.
/@name='Categoria']
where $pow='Terrazas'
let $paw:=$resultado/../basicData/web/text()
return
<div class="cuerpo_consulta">
<h3>Nombre: {$resultado/../basicData/name/text()}</h3>
<h3>Dirección: {$resultado/../geoData/address/text()}</h3>
<h3>Tipo de establecimiento: {$pow/text()}</h3>
<h3>Código postal: {$resultado/../geoData/zipcode/text()}</h3>
<h3>Página web: <a href="{$paw[1]}">{$resultado/../basicData/web/text()}</a></h3>
<br/>
<hr/>
</div>
)
let $suma:=count($registros)
return
<div class="resultado">
{$registros}
<h3 class="totales"> Número de resultados obtenidos: {$suma}</h3>
</div>


<!-- Consulta 5 -->

let $registros := (
for $resultado in //service/basicData
order by $resultado/title descending
where $resultado/../geoData/zipcode='28004' or $resultado/../geoData/zipcode='28012' or $resultado/../geoData/zipcode='28013'
where $resultado[starts-with( $resultado/phone, '(+34) 9') or starts-with($resultado/phone,'9')]
let $paw:=$resultado/web/text()
return
<div class="cuerpo_consulta">
<h3>{$resultado/title/text()}</h3>
<h3>Calle {$resultado/../geoData/address/text()}</h3>
<h3>Página web: <a href="{$paw[1]}">{$resultado/web/text()}</a></h3>
<h3>{$resultado/../geoData/zipcode/text()}</h3>
<br/>
<hr/>
</div>
)
let $suma:=count($registros)
return
<div class="resultado">
{$registros}
<h3 class="totales"> Número de resultados obtenidos: {$suma}</h3>
</div>