<!-- Consulta 1 -->
(recuperacion de la imagen y datos basicos de establecimientos del tipo discoteca) 


for $resultado in //service/extradata order by $resultado/../../basicData/name
let $pow :=$resultado/categorias/categoria/item[./@name='Categoria']
where $pow='Discoteca'
let $fot:=$resultado/../multimedia/media/url
return 
<consulta>
<nombre>{$resultado/../basicData/title/text()}</nombre>
<direccion>Calle {$resultado/../geoData/address/text()}</direccion>
<pagina_web>{$resultado/../basicData/web/text()}</pagina_web>
<tlf>{$resultado/../basicData/phone/text()}</tlf>
<cod_postal>{$resultado/../geoData/zipcode/text()}</cod_postal>
<imagen>{$fot[1]}</imagen>
</consulta>


<!-- Consulta 2-->

Recuperacion del nombre del establecimiento, descripcion y otros datos basicos (web, telefono y codigo postal) de los estableciemientos que tengan dentro de la etiqueta nombre la palabra "museo" o bien se encuentren cerca de un museo en base a lo escrito en la descripción.


let $registros := (
for $resultado in //service/basicData order by $resultado/../../basicData/name
where $resultado/name[contains(., 'Museo')] or $resultado/name[contains(., 'museo')] or $resultado/body[contains(., 'Museo')]
let $pow:= $resultado/../extradata/categorias/categoria/item[.
/@name='Categoria']
return
<consulta>
<nombre>{$resultado/name/text()}</nombre>
<direccion>{$resultado/../geoData/address/text()}</direccion>
<tipo_establecimiento>{$pow/text()}</tipo_establecimiento>
<pagina_web>{$resultado/web/text()}</pagina_web>
<cod_postal>{$resultado/../geoData/zipcode/text()}</cod_postal>
</consulta>
)
let $suma:=count($registros)
return 
<total>Número de establecimientos {$suma}</total>


<!-- Consulta 3-->

Recuperacion de datos de establecimientos localizados cerca de


 	
for $resultado in //service/basicData order by $resultado/../../basicData/name
where $resultado/body[contains(. ,'Madrid Río')]
let $pow:= $resultado/../extradata/categorias/categoria/item[.
/@name='Categoria']
return
<consulta>
<nombre>{$resultado/name/text()}</nombre>
<direccion>{$resultado/../geoData/address/text()}</direccion>
<pagina_web>{$resultado/web/text()}</pagina_web>
<cod_postal>{$resultado/../geoData/zipcode/text()}</cod_postal>
<tipo_establecimiento>{$pow/text()}</tipo_establecimiento>
</consulta>


<!-- Consulta 4 -->
Recuperar los datos basicos de aquellos establecimientos que cuenten con terraza (se ha entendido que si estan dentro de la categoria terrazas es por este motivo) y que ademas sean cafe ya que es lo mas parecido en las categorias a restauracion, ademas de mostrar su horario de apertura.

let $registros := (
for $resultado in //service/extradata order by $resultado/../basicData/name ascending
let $pow:= $resultado/categorias/categoria/item[.
/@name='Categoria']
where $pow='Terrazas'
return
<consulta>
<nombre>{$resultado/../../basicData/name/text()}</nombre>
<direccion>Calle {$resultado/../geoData/address/text()}</direccion>
<tipo_establecimiento>{$pow/text()}</tipo_establecimiento>
<cod_postal>{$resultado/../geoData/zipcode/text()}</cod_postal>
<pagina_web>{$resultado/../basicData/web/text()}</pagina_web>
</consulta>
)
let $suma:=count($registros)
return 
<total>Número de establecimientos {$suma}</total>



<!-- ejercicio 5 -->
recuperacion de los datos basicos de los establecimientos que se encuentran dentro del distrito centro (28004,28012,28013), ordenados por orden alfabetico inverso.
let $registros := (
for $resultado in //service/basicData
order by $resultado/title descending
where $resultado/../geoData/zipcode='28004' or $resultado/../geoData/zipcode='28012' or $resultado/../geoData/zipcode='28013'
where $resultado[starts-with( $resultado/phone, '(+34) 9') or starts-with($resultado/phone,'9')]
return
<consulta>
<nombre>{$resultado/title/text()}</nombre>
<direccion>Calle {$resultado/../geoData/address/text()}</direccion>
<pagina_web>{$resultado/web/text()}</pagina_web>
<tlf>{$resultado/web/text()}</tlf>
<cod_postal>{$resultado/../geoData/zipcode/text()}</cod_postal>
</consulta>
)
let $suma :=count($registros)
return
<total>Número de establecimientos {$suma}</total>